{
    "scanstats_elapsed": "20.15",
    "ports": [
        22,
        80
    ],
    "osmatch": "Linux 4.15 - 5.8",
    "osname": "linux",
    "service_details": {
        "22": {
            "name": "ssh",
            "product": "OpenSSH",
            "version": "8.9p1 Ubuntu 3ubuntu0.4",
            "extrainfo": "Ubuntu Linux; protocol 2.0",
            "cpe": "cpe:/o:linux:linux_kernel",
            "exploits": [
                "linux/ssh/cisco_ucs_scpuser",
                "apple_ios/ssh/cydia_default_ssh",
                "unix/ssh/arista_tacplus_shell",
                "freebsd/http/junos_phprc_auto_prepend_file",
                "unix/ssh/tectia_passwd_changereq",
                "linux/ssh/vyos_restricted_shell_privesc",
                "unix/http/schneider_electric_net55xx_encoder",
                "linux/http/zyxel_lfi_unauth_ssh_rce",
                "linux/ssh/vmware_vdp_known_privkey",
                "linux/ssh/microfocus_obr_shrboadmin",
                "linux/ssh/ceragon_fibeair_known_privkey",
                "linux/ssh/exagrid_known_privkey",
                "linux/ssh/quantum_vmpro_backdoor",
                "linux/ssh/loadbalancerorg_enterprise_known_privkey",
                "linux/ssh/symantec_smg_ssh",
                "linux/ssh/quantum_dxi_known_privkey",
                "linux/http/fortinet_authentication_bypass_cve_2022_40684",
                "linux/ssh/vmware_vrni_known_privkey",
                "unix/ssh/array_vxag_vapv_privkey_privesc",
                "linux/ssh/ibm_drm_a3user",
                "linux/ssh/f5_bigip_known_privkey",
                "linux/http/cisco_firepower_useradd"
            ]
        },
        "80": {
            "name": "http",
            "product": "nginx",
            "version": "1.18.0",
            "extrainfo": "Ubuntu",
            "cpe": "cpe:/o:linux:linux_kernel",
            "exploits": [
                "linux/http/geutebruck_cmdinject_cve_2021_335xx",
                "linux/http/cve_2019_1663_cisco_rmi_rce",
                "multi/wyse/hagent_untrusted_hsdata",
                "unix/webapp/spip_rce_form",
                "multi/http/tomcat_mgr_deploy",
                "linux/http/optergy_bms_backdoor_rce_cve_2019_7276",
                "linux/misc/cisco_ios_xe_rce",
                "linux/http/ddwrt_cgibin_exec",
                "unix/webapp/foswiki_maketext",
                "multi/http/oracle_reports_rce",
                "linux/http/dolibarr_cmd_exec",
                "multi/http/simple_backdoors_exec",
                "linux/http/hikvision_cve_2021_36260_blind",
                "linux/http/linksys_themoon_exec",
                "unix/webapp/phpbb_highlight",
                "multi/http/kong_gateway_admin_api_rce",
                "multi/http/openmediavault_cmd_exec",
                "linux/http/dnalims_admin_exec",
                "linux/http/symantec_web_gateway_exec",
                "multi/http/movabletype_upgrade_exec",
                "multi/http/coldfusion_ckeditor_file_upload",
                "linux/http/ivanti_sentry_misc_log_service",
                "linux/http/qnap_qcenter_change_passwd_exec",
                "multi/http/novell_servicedesk_rce",
                "linux/http/vmware_vcenter_vsan_health_rce",
                "linux/http/cisco_rv_series_authbypass_and_rce",
                "unix/webapp/opennetadmin_ping_cmd_injection",
                "linux/http/esva_exec",
                "multi/http/mutiny_subnetmask_exec",
                "multi/http/gestioip_exec",
                "linux/http/vmware_nsxmgr_xstream_rce_cve_2021_39144",
                "unix/webapp/hastymail_exec",
                "linux/http/pandora_fms_events_exec",
                "linux/http/pulse_secure_gzip_rce",
                "linux/http/symantec_web_gateway_pbcontrol",
                "unix/http/quest_kace_systems_management_rce",
                "unix/webapp/php_xmlrpc_eval",
                "linux/http/dlink_dir615_up_exec",
                "linux/http/github_enterprise_secret",
                "linux/http/linksys_wvbr0_user_agent_exec_noauth",
                "unix/webapp/twiki_maketext",
                "linux/http/groundwork_monarch_cmd_exec",
                "unix/webapp/libretto_upload_exec",
                "multi/http/sonicwall_scrutinizer_methoddetail_sqli",
                "linux/misc/cve_2021_38647_omigod",
                "unix/webapp/nagios3_statuswml_ping",
                "linux/http/wepresent_cmd_injection",
                "linux/http/dlink_command_php_exec_noauth",
                "multi/http/v0pcr3w_exec",
                "unix/webapp/twiki_search",
                "unix/webapp/mitel_awc_exec",
                "unix/http/pihole_whitelist_exec",
                "linux/http/mutiny_frontend_upload",
                "multi/http/sflog_upload_exec",
                "linux/http/grandstream_gxv31xx_settimezone_unauth_cmd_exec",
                "unix/webapp/zoneminder_snapshots",
                "linux/http/trueonline_p660hn_v1_rce",
                "linux/http/linuxki_rce",
                "linux/http/solarview_unauth_rce_cve_2023_23333",
                "unix/webapp/dogfood_spell_exec",
                "linux/http/cayin_cms_ntp",
                "multi/http/spring_cloud_function_spel_injection",
                "multi/http/opmanager_sumpdu_deserialization",
                "multi/http/gitorious_graph",
                "linux/http/terramaster_unauth_rce_cve_2021_45837",
                "unix/webapp/aerohive_netconfig_lfi_log_poison_rce",
                "unix/http/vmturbo_vmtadmin_exec_noauth",
                "linux/http/axis_srv_parhand_rce",
                "unix/webapp/rconfig_install_cmd_exec",
                "multi/http/atutor_upload_traversal",
                "multi/http/atlassian_confluence_webwork_ognl_injection",
                "linux/http/netgear_wnr2000_rce",
                "linux/http/cisco_rv340_lan",
                "unix/webapp/awstats_configdir_exec",
                "linux/http/dlink_hnap_login_bof",
                "linux/http/cisco_hyperflex_file_upload_rce",
                "multi/http/atlassian_confluence_namespace_ognl_injection",
                "linux/http/dlink_diagnostic_exec_noauth",
                "unix/webapp/cacti_graphimage_exec",
                "unix/webapp/havalite_upload_exec",
                "linux/http/ivanti_csa_unauth_rce_cve_2021_44529",
                "multi/http/rails_double_tap",
                "unix/webapp/nagios3_history_cgi",
                "unix/webapp/vicidial_manager_send_cmd_exec",
                "unix/webapp/skybluecanvas_exec",
                "unix/webapp/zeroshell_exec",
                "multi/http/tomcat_mgr_upload",
                "linux/http/php_imap_open_rce",
                "unix/webapp/narcissus_backend_exec",
                "multi/realserver/describe",
                "unix/webapp/awstats_migrate_exec",
                "linux/http/webcalendar_settings_exec",
                "multi/http/nuuo_nvrmini_upgrade_rce",
                "multi/http/apache_apisix_api_default_token_rce",
                "linux/http/fortinac_keyupload_file_write",
                "linux/http/linear_emerge_unauth_rce_cve_2019_7256",
                "multi/http/stunshell_exec",
                "linux/http/vmware_workspace_one_access_vmsa_2022_0011_chain",
                "linux/http/cpi_tararchive_upload",
                "multi/http/snortreport_exec",
                "linux/http/flir_ax8_unauth_rce_cve_2022_37061",
                "linux/http/dlink_dcs_930l_authenticated_remote_command_execution",
                "multi/http/sugarcrm_webshell_cve_2023_22952",
                "multi/http/zabbix_script_exec",
                "linux/http/terramaster_unauth_rce_cve_2022_24990",
                "unix/http/pfsense_pfblockerng_webshell",
                "linux/http/elfinder_archive_cmd_injection",
                "linux/http/cisco_asax_sfr_rce",
                "linux/http/panos_op_cmd_exec",
                "linux/http/gitlist_exec",
                "linux/http/netgear_unauth_exec",
                "linux/http/vmware_vrni_rce_cve_2023_20887",
                "unix/http/pihole_dhcp_mac_exec",
                "linux/http/huawei_hg532n_cmdinject",
                "multi/http/spree_searchlogic_exec",
                "unix/webapp/barracuda_img_exec",
                "unix/webapp/openview_connectednodes_exec",
                "linux/http/smt_ipmi_close_window_bof",
                "linux/http/netgear_dnslookup_cmd_exec",
                "linux/http/magnusbilling_unauth_rce_cve_2023_30258",
                "linux/http/tp_link_sc2020n_authenticated_telnet_injection",
                "linux/http/nagios_xi_chained_rce",
                "linux/http/opentsdb_yrange_cmd_injection",
                "linux/http/lucee_admin_imgprocess_file_write",
                "linux/http/terramaster_unauth_rce_cve_2020_35665",
                "multi/http/auxilium_upload_exec",
                "linux/http/cacti_unauthenticated_cmd_injection",
                "linux/http/chamilo_unauth_rce_cve_2023_34960",
                "linux/http/cisco_hyperflex_hx_data_platform_cmd_exec",
                "linux/http/f5_icontrol_rce",
                "unix/http/laravel_token_unserialize_exec",
                "unix/webapp/tikiwiki_jhot_exec",
                "unix/http/contentkeeperweb_mimencode",
                "linux/http/geutebruck_instantrec_bof",
                "linux/http/lexmark_faxtrace_settings",
                "linux/http/symmetricom_syncserver_rce",
                "linux/misc/zyxel_multiple_devices_zhttp_lan_rce",
                "unix/webapp/sixapart_movabletype_storable_exec",
                "multi/http/horizontcms_upload_exec",
                "unix/webapp/jquery_file_upload",
                "unix/webapp/coppermine_piceditor",
                "linux/http/glpi_htmlawed_php_injection",
                "linux/http/librenms_collectd_cmd_inject",
                "linux/http/netgear_dgn1000b_setup_exec",
                "multi/http/phptax_exec",
                "linux/http/nagios_xi_configwizards_authenticated_rce",
                "unix/webapp/graphite_pickle_exec",
                "linux/http/sourcegraph_gitserver_sshcmd",
                "unix/http/lifesize_room",
                "multi/http/ajaxplorer_checkinstall_exec",
                "windows/http/zenworks_uploadservlet",
                "linux/http/wanem_exec",
                "linux/http/wd_mycloud_unauthenticated_cmd_injection",
                "unix/webapp/trixbox_ce_endpoint_devicemap_rce",
                "unix/webapp/zoneminder_packagecontrol_exec",
                "linux/http/spring_cloud_gateway_rce",
                "linux/http/totolink_unauth_rce_cve_2023_30013",
                "multi/http/nostromo_code_exec",
                "unix/webapp/php_charts_exec",
                "multi/http/sonicwall_gms_upload",
                "unix/webapp/openmediavault_rpc_rce",
                "unix/http/pfsense_config_data_exec",
                "linux/http/geutebruck_testaction_exec",
                "multi/http/coldfusion_rds_auth_bypass",
                "linux/http/goahead_ldpreload",
                "unix/webapp/awstatstotals_multisort",
                "linux/http/f5_bigip_tmui_rce_cve_2023_46747",
                "linux/http/zimbra_xxe_rce",
                "multi/http/spree_search_exec",
                "multi/http/familycms_less_exec",
                "linux/http/dlink_dcs931l_upload",
                "multi/http/wp_db_backup_rce",
                "unix/ftp/proftpd_modcopy_exec",
                "unix/http/dell_kace_k1000_upload",
                "unix/http/pfsense_diag_routes_webshell",
                "linux/http/linksys_wrt110_cmd_exec",
                "unix/webapp/basilic_diff_exec",
                "unix/sonicwall/sonicwall_xmlrpc_rce",
                "linux/http/froxlor_log_path_rce",
                "linux/http/vmware_workspace_one_access_cve_2022_22954",
                "multi/http/moodle_spelling_binary_rce",
                "unix/webapp/vicidial_user_authorization_unauth_cmd_exec",
                "linux/http/axis_app_install",
                "unix/webapp/google_proxystylesheet_exec",
                "multi/http/jenkins_script_console",
                "multi/http/shiro_rememberme_v124_deserialize",
                "linux/http/wipg1000_cmd_injection",
                "linux/http/railo_cfml_rfi",
                "multi/http/wp_royal_elementor_addons_rce",
                "linux/http/linksys_apply_cgi",
                "linux/http/f5_icontrol_rpmspec_rce_cve_2022_41800",
                "linux/http/netgear_dgn1000_setup_unauth_exec",
                "unix/webapp/webtester_exec",
                "linux/http/vmware_vcenter_analytics_file_upload",
                "linux/http/rconfig_ajaxarchivefiles_rce",
                "linux/http/trueonline_billion_5200w_rce",
                "linux/http/sonicwall_cve_2021_20039",
                "linux/http/sophos_utm_webadmin_sid_cmd_injection",
                "unix/webapp/drupal_drupalgeddon2",
                "linux/http/klog_server_authenticate_user_unauth_command_injection",
                "multi/http/horde_href_backdoor",
                "multi/http/mobilecartly_upload_exec",
                "linux/http/tp_link_ncxxx_bonjour_command_injection",
                "multi/http/phpfilemanager_rce",
                "multi/http/zemra_panel_rce",
                "unix/webapp/twiki_history",
                "linux/http/piranha_passwd_exec",
                "unix/webapp/guestbook_ssi_exec",
                "unix/webapp/drupal_coder_exec",
                "linux/http/grandstream_ucm62xx_sendemail_rce",
                "linux/http/xplico_exec",
                "multi/http/vbulletin_widgetconfig_rce",
                "linux/http/dreambox_openpli_shell",
                "linux/http/webmin_package_updates_rce",
                "unix/webapp/freepbx_config_exec",
                "multi/http/monitorr_webshell_rce_cve_2020_28871",
                "linux/http/trendmicro_sps_exec",
                "unix/webapp/redmine_scm_exec",
                "linux/http/dlink_dir850l_unauth_exec",
                "unix/webapp/projectpier_upload_exec",
                "linux/http/suitecrm_log_file_rce",
                "linux/http/mvpower_dvr_shell_exec",
                "linux/http/advantech_switch_bash_env_exec",
                "linux/http/nginx_chunked_size",
                "linux/http/zabbix_sqli",
                "multi/http/makoserver_cmd_exec",
                "multi/http/maracms_upload_exec",
                "unix/webapp/actualanalyzer_ant_cookie_exec",
                "linux/upnp/dlink_dir859_subscribe_exec",
                "multi/http/manageengine_servicedesk_plus_saml_rce_cve_2022_47966",
                "linux/http/centreon_sqli_exec",
                "linux/http/artica_proxy_auth_bypass_service_cmds_peform_command_injection",
                "linux/http/dlink_dwl_2600_command_injection",
                "linux/http/zyxel_ztp_rce",
                "unix/webapp/php_vbulletin_template",
                "linux/http/dlink_dir300_exec_telnet",
                "multi/http/wp_plugin_fma_shortcode_unauth_rce",
                "multi/http/gitlab_shell_exec",
                "multi/http/vbulletin_widget_template_rce",
                "multi/php/ignition_laravel_debug_rce",
                "linux/http/linksys_e1500_apply_exec",
                "multi/http/gitlab_exif_rce",
                "unix/webapp/generic_exec",
                "unix/http/raspap_rce",
                "linux/http/netgear_r7000_cgibin_exec"
            ]
        }
    }
}