{
    "scanstats_elapsed": "22.63",
    "ports": [
        3000
    ],
    "osmatch": "Linux 4.15 - 5.8",
    "osname": "linux",
    "service_details": {
        "3000": {
            "name": "ppp",
            "product": "",
            "version": "",
            "extrainfo": "",
            "cpe": "",
            "exploits": [
                "multi/http/rails_dynamic_render_code_exec",
                "linux/misc/aerospike_database_udf_cmd_exec",
                "linux/http/metabase_setup_token_rce"
            ]
        }
    }
}